,,[원신 올인원 준종결표] ver.7.0,,,,,,,,* 원하는 캐릭은 [Ctrl + F] 로 찾기    *시트를 60% 이하로 확장 시 전체 확인 가능,,,,,· 대표적인 2세트 성유물은 아래 밑줄된 성유물에 [마우스를 올려] 확인 가능,,,,,,,
,,,,,,,,,,※ 제작자의 주관적 의견이 포함되어 있을 수 있어 실제 세팅 시 참고용으로만 봐주시기 바랍니다 ※ ,,,,,[2세트 성유물 확인],,,,,,,
캐릭터,,"권장
 레벨/특성",특성,역할군,,,성유물,,,,권장 옵션,,,,,추천 무기,,권장 스탯,,,비고,"기타 무기·세팅 상세창
[클릭]"
,,,,,,,,,,,시계,성배,왕관,부옵션,,,,치확/치피,유효 스탯,원충,,
,,<권장 스텟 기준>,,,,,<아이콘 설명>,,,,<기타 설명>,,,,,,,,,,,
🔖 뉴비는 함께 보시면 좋아요!,,"1. 공명, 무기 버프 등 스탯에 반영 X",,,,,,=딜러,,=5성 무기,· 특성에 ( )로 되어 있는 건 안 찍어도 됨,,,,"· 치확 보정 성유물(ex. 얼음, 그림자, 흑요석, 경계 등)을 착용하는 캐릭터의 경우 표기된 스펙의 치확 이하로 맞추어 치확 100%에 가깝게 세팅",,,,,,,
· ｢원신 용어 정리｣,,"(무기의 기초 공격력, 부옵션, 조건 없는 무기 버프는 반영됩니다)",,,,,,=서포터,,=4성 무기,· 파티 버프 요원 / 원소 반응 전환 요원은 캐릭터 이름에 #으로 표기됨,,,,또한 파티에 치확 보정 버프를 지닌 캐릭터를 편성하거나 특정 전투 환경에서는 치확:치피를 1:2 비율로 치확을 치피로 전환하여 유동적으로 세팅,,,,,,,
· ｢원신 성유물 정리｣,,2. 캐릭터 - 4성 풀돌 기준 / 5성 명함 기준,,,,,,=힐러/보호막 서포터,,=3성 무기,· 상세 역할군은 해당 캐릭터의 역할군 칸에 마우스를 올리면 확인 가능,,,,"· 권장 스탯의 이상을 세팅하는 것이 좋으나, #D32F2F으로 표시된 치확은 여러 요인으로 인한 치확 상한치로 해당 수치 이하로 세팅",,,,,,,
· ｢원신 뉴비 가이드｣,,"3. 무기 - 4성 무기(한정 무기 제외) 5재련 / 5성, 4성 한정 무기 1재련 기준",,,,,,,,,· 역할군 / 원소 반응에 대한 용어는 아래 링크를 [클릭]하여 확인 가능,,,,,,,,,,,
(클릭하시면 이동됩니다!),,4. 캐릭터 권장 레벨/특성 + 기준 성유물으로 계산,,,,,,=온필드 캐릭터,,,- [뉴비도 이해하는 원신의 역할군 총정리],,,,· 폰타인 단조 무기의 경우 베넷 단독 편성 시 무기 스킬 발동이 어려움으로 푸리나와 함께 쓰거나 다른 힐러를 사용하는 것을 추천함,,,,,,,
,,(레벨 돌파가 된 80렙 기준),,,,,,=오프필드 캐릭터,,,- [뉴비도 이해하는 원신의 원소 반응 (기초편)],,,,  ㄴ 해연의 피날레(한손검) / 파도 그림자 대검(양손검) / 공의의 보상(장병기) / 순수한 달빛 물결(법구) / 고요한 노래(활),,,,,,,
,,(기준 성유물이 표시X => 성유물별 스탯 변화X),,,,,,,,,,,,,,,,,,,,
,"마비카
#밤혼",90렙/9렙,"E, Q",,,A) 온필드 딜러,"A,B) 1) 흑요석 4세트",,,,"원마
 공%",불원피,치확 / 치피,치확 / 치피 / 원마 / 공%,,,타오르는 천 개의 태양 (마비카 전무),1) 60/180,공:1600 원마:200,유효옵 X,,마비카.png
,,,,,,,,,,,,,,,,,,,,,,
,,,,,,,,,,,,,,,,,,2) 70/160,,,,
,,,,,,,,,,,,,,,,,,,,,,
,,,,,,,,,,,,,,,,,이무기 검 (기행 무기),1) 60/210,공:1300 원마:200,,,
,,,,,,,,,,,,,,,,,,,,,,
,,,,,,"B) 오프필드 딜러
 (잿더미 요원)
 온필드 피증 서포터",B) 2) 잿더미 4세트,,,,,,,,,,,2) 80/170,,,,
,,,,,,,,,,,,,,,,,,,,,,
,,,,,,,,,,,,,,,,,파도 그림자 대검 (단조 무기) *(힐러 권장),1) 60/150,공:1700 원마:200,,,
,,,,,,,,,,,,,,,,,,,,,,
,,,,,,,,,,,,,,,,,,2) 70/140,,,,
,,,,,,,,,,,,,,,,,,,,,,
,"니콜
 #마도",90렙/9렙,"E, Q",,,"파티 공증 서포터
온필드 추가타 서포터
보호막 서포터",은총 4세트 [세팅 기준],,,,"공%
 원충",공%,공%,공% / 원충 / 공,,,일곱빛 계시 (니콜 전무),-,공:3800,150,"불 공명 O + 공 버프 기준 공 4000 목표
 (다른 스탯에 비례하는 공 버프는 적용 X)
 (단, 슈브르즈 공 버프는 적용됨)",니콜.png
,,,,,,,,,,,,,,,,,,,,,,
,,,,,,,,,,,,,,,,,맹세의 눈동자 (이벤트 무기),,공:3300,,,
,,,,,,,왕실 4세트,,,,,,,,,,,,,,,
,,,,,,,,,,,,,,,,,순수한 달빛 물결 (단조 무기),,,170,,
,,,,,,,,,,,,,,,,,,,,,,
,"두린
#마도",90렙/9렙,"Q, E",,,"오프필드 딜러
 적 물 / 얼음 원소 제외 내깍 서포터",마도 4세트 [세팅 기준],,,,공%,"불원피
 공%",치확 / 치피,치확 / 치피 / 공% / 원충,,,검은 침식 (두린 전무),80/180,공:2000,140,파티에 불 캐릭터 2명 이상 추천,두린.png
,,,,,,,,,,,,,,,,,,,,,,
,,,,,,,왕실 4세트,,,,,,,,,,늑대 송곳니 (기행 무기),80/170,공:1800,,불 공명 O + 공 버프 기준 공 2500 목표,
,,,,,,,,,,,,,,,,,,,,,,
,,,,,,,절연 4세트,,,,,,,,,,해연의 피날레 (단조 무기) *(파티 힐러 권장),80/120,공:2200,,파티에 단독으로 불 캐릭터라면 원충:160,
,,,,,,,,,,,,,,,,,,,,,,
,아를레키노,90렙/9렙,"평, ( Q, E )",,,온필드 딜러,공상 4세트,,,,공%,"불원피
 공%",치확 / 치피,치확 / 치피 / 공% / 원마 / 원충,,,붉은 달의 형상 (아를레키노 전무),70/180,공:2300,-,,아를레키노.png
,,,,,,,,,,,,,,,,,,,,,,
,,,,,,,,,,,,,,,,,결투의 창 (기행 무기),70/200,공:1800,,,
,,,,,,,검투사 4세트,,,,,,,,,,,,,,,
,,,,,,,,,,,,,,,,,백술창,60/200,공:1700,,,
,,,,,,,,,,,,,,,,,,,,,,
,리니,90렙/9렙,"평, E, Q",,,온필드 딜러,그림자 4세트,,,,공%,불원피,치확 / 치피,치확 / 치피 / 공% / 원충 / 원마 *(증발/융해),,,최초의 대마술 (리니 전무),64/210,공:1800,120,,리니.png
,,,,,,,,,,,,,,,,,고요한 노래 (단조 무기),64/150,공:2000,,,
,데히야,90렙,( E ),,,"A) 온필드 받피감 서포터 / 경면 + 경저 증가 서포터
 (숲기 요원)",A) 천암 4세트,,,,A) 원마,A) 원마,A) 원마,A) 원마 / 치확 / 치피 / HP%,,,제례 대검 *(A) 서포터 세팅),권장 스탯 X,,,A) 성유물 강화는 꽃만 20강 추천,데히야.png
,,,,,,,A) 숲기 4세트,,,,,,,,,,,,,,,
,,90렙/9렙,"E, Q",,,B) 온필드 딜러,B) 1) 절연 4세트,,,,"B) 원충
 공%",B) 불원피,B) 치확 / 치피,B) 치확 / 치피 / 원충 / 공% / HP%,,,갈대 바다의 등대 (데히야 전무) *(B) 온필드 딜러 세팅),70/150,1) 공:1400 HP:24000,"1) 200
2) 160",,
,,,,,,,,,,,,,,,,,,,2) 공:1500 HP:28000,,,
,,,,,,,B) 2) 감로 4세트 *(4돌 이후),,,,,,,,,,아쿠오마루 (한정 무기) *(B) 온필드 딜러 세팅),60/120,1) 공:1500 HP:24000,,,
,,,,,,,,,,,,,,,,,,,2) 공:1700 HP:28000,,,
,요이미야,90렙/9렙,"평, E, ( Q )",,,온필드 딜러,시메 4세트,,,,"공%
 원마",불원피,치확 / 치피,치확 / 치피 / 공% / 원마 / 원충,,,비뢰의 고동 (요이미야 전무),70/200,공:2200,115,,요이미야.png
,,,,,,,제사 4세트,,,,,,,,,,녹슨 활,60/150,공:2100,,,
,호두,90렙/9렙,"평, E, Q",,,온필드 딜러,마녀 4세트 [세팅 기준],,,,"HP%
 원마",불원피,치확 / 치피,치확 / 치피 / HP% / 원마 / 공%,,,호마의 지팡이 (호두 전무),70/200,원마:200 HP:30000 공:1300,-,,호두.png
,,,,,,,,,,,,,,,,,,,,,,
,,,,,,,,,,,,,,,,,협만의 노래 (기행 무기),70/190,원마:200 HP:27000 공:900,,,
,,,,,,,그림자 4세트 *(푸리나 필수),,,,,,,,,,,,,,,
,,,,,,,,,,,,,,,,,용학살창,60/150,원마:350 HP:30000 공:800,,,
,,,,,,,,,,,,,,,,,,,,,,
,"클레
#마도",90렙/9렙,"평, Q, E",,,온필드 딜러,마도 4세트 [세팅 기준],,,,"공%
 원마","불원피
 공%",치확 / 치피,치확 / 치피 / 공% / 원마 / 원충,,,사풍 원서,80/140,공:2000,120,파티에 마도 캐릭터 2명 이상 추천,클레.png
,,,,,,,,,,,,,,,,,,,,,,
,,,,,,,그림자 4세트 *(푸리나 필수),,,,,,,,,,음유시인의 악장,80/120,공:1800,,,
,,,,,,,마녀 4세트,,,,,,,,,,,,,,,
,,80렙,X,,,A) 적 방깍 서포터 *(2돌 이후),A) 천암 4세트,,,,,,,,,,제례의 악장 *(A) 서포터 세팅),권장 스탯 X,,,,
,,,,,,,A) 교관 4세트,,,,,,,,,,드래곤 슬레이어 영웅담 *(A) 서포터 세팅),,,,,
,다이루크,90렙/9렙,"E, Q, 평",,,온필드 딜러,마녀 4세트 [세팅 기준],,,,"원마
 공%",불원피,치확 / 치피,치확 / 치피 / 공% / 원마,,,늑대의 말로,70/140,원마:200 공:2100,-,"낙공 메인 딜러일 경우 
 수확의 갈고리 5재가 종결 무기
 그러나 다른 무기도 사용 가능",다이루크.png
,,,,,,,그림자 4세트 *(푸리나 필수),,,,,,,,,,꽃 장식 대검 (이벤트 무기),,원마:300 공:1400,,,
,,,,,,,맹세 4세트 *(낙공),,,,,,,,,,수확의 갈고리 (한정 무기) *(낙공),68/140,원마:200 공:1600,,,
,가명,90렙/9렙,"E, ( Q )",,,온필드 딜러,도금 4세트 [세팅 기준],,,,"원마
 공%",불원피,치확 / 치피,치확 / 치피 / 공% / 원마 / 원충,,,수확의 갈고리 (한정 무기),48/140,원마:300 공:1600,130,"6돌 이후 전투 중 치확 +20
 파티에 한운 편성 시 치확 +4~10을 고려하여
 치확 100이 넘지 않도록 주의",가명.png
,,,,,,,그림자 4세트,,,,,,,,,,이무기 검 (기행 무기),80/130,원마:300 공:1300,,,
,,,,,,,마녀 4세트,,,,,,,,,,빗물 베기,60/120,원마:300 공:1600,,,
,슈브르즈,90렙/8렙,"E, ( Q )",,,"과부하 전용 서포터
 단일 힐러
 파티 힐러 *(6돌)",왕실 4세트,,,,"HP%
 원충",HP%,"HP%
 치유
 치확 *(페보)",HP% / 원충,,,위대한 사막 현자의 대답 (이벤트 무기),-,HP:40000,-,파티를 불/번개 원소 캐릭터로만 구성 권장,슈브르즈.png
,,,,,,,,,,,,,,,,,,,,,,
,,,,,,,잿더미 4세트,,,,,,,,,,,,,,,
,,,,,,,,,,,,,,,,,공의의 보상 (단조 무기),,,,왕실일 경우 원충:160,
,,,,,,,지난날 4세트,,,,,,,,,,,,,,,
,,,,,,,,,,,,,,,,,,,,,,
,토마,90렙/8렙,"E, Q",,,보호막 서포터,원충 20% 2세트 / HP 20% 2세트 중 택 2/2세트 [세팅 기준],,,,"원충
 HP%",HP%,"HP%
 치확 *(페보)",HP% / 원충 / 치확 *(페보),,,페보니우스 장창,40/-,HP:30000,200,4돌 이전 원충:220,토마.png
,,,,,,,,,,,,,,,,,,,,,,
,연비,90렙,X,,,A) 보호막 서포터 *(4돌 이후),A) 왕실 4세트,,,,"A) 원충
 HP%",A) HP%,"A) HP%
 치유 *(호박)",A) HP% / 원충,,,"황금 호박 프로토타입 (단조 무기) 
 *(A) 보호막 서포터 세팅)",-,HP:30000,200,,연비.png
,,,,,,,,,,,,,,,,,,,,,,
,,,,,,,,,,,,,,,,,"드래곤 슬레이어 영웅담 
 *(A) 보호막 서포터 세팅)",,,,,
,,,,,,,,,,,,,,,,,,,,,,
,,90렙/9렙,"평, Q, E",,,B) 온필드 딜러,B) 악단 4세트,,,,"B) 원마
 원충 / 공%",B) 불원피,B) 치확 / 치피,B) 치확 / 치피 / 공% / 원충 / 원마,,,음유시인의 악장 *(B) 온필드 딜러 세팅),70/150,공:1200 원마:200,130,,
,,,,,,,,,,,,,,,,,,,,,,
,신염,80렙/8렙,E,,,"A) 보호막 서포터
 온필드 물리 피증 서포터
 적 물리 내깍 서포터 *(4돌 이후)",A) 천암 4세트 [A) 세팅 기준],,,,A) 방%,A) 방%,A) 방%,A) 방% / 원충 / 치확 *(페보),,,페보니우스 대검 *(A) 보호막 서포터 세팅),40/-,방:2800 공:1300,150,육성 추천 X,신염.png
,,,,,,,A) 껍데기 4세트,,,,,,,,,,,,,,,
,,90렙/9렙,"E, 평, Q",,,B) 온필드 딜러,B) 그림자 4세트 *(푸리나 필수) [B) 세팅 기준],,,,B) 공%,"B) 공%
 물리피증",B) 치확 / 치피,B) 치확 / 치피 / 공% / 방% / 원충,,,이무기 검 (기행 무기) *(B) 온필드 딜러 세팅),64/160,공:2000,-,,
,,,,,,,B) 창백 2세트 + 피에 물든 기사도 2세트,,,,,,,,,,,,,,,
,베넷,90렙/9렙,Q,,,"온필드 공증 서포터
 단일 힐러",왕실 4세트,,,,원충,HP%,"치유
 HP%",원충 / HP%,,,천공의 검,-,HP:25000,250,,베넷.png
,,,,,,,,,,,,,,,,,,,,,,
,,,,,,,,,,,,,,,,,원목 검 (단조 무기),,,,,
,,,,,,,,,,,,,,,,,,,,,,
,향릉,90렙/9렙,"Q, E",,,오프필드 딜러,절연 4세트,,,,"원충
 공%",불원피,치확 / 치피,치확 / 치피 / 원충 / 공% / 원마,,,「어획」 (낚시 무기),60/120,공:1200,250,파티에 불 캐릭터 2명 이상 추천,향릉.png
,,,,,,,,,,,,,,,,,,,,,,
,엠버,X,X,,,종탄노 요원,왕실 4세트,,,,"원충
 원마
 공%","불원피
 원마",치확 / 치피,원충 / 치확 / 치피 / 공% / 원마,,,종말 탄식의 노래 (한정 무기),-,,230,육성 추천 X,엠버.png
,,,,,,,,,,,,,,,,,,,,,,
,,,,,,,교관 4세트,,,,,,,,,,,,,,,
,,,,,,,,,,,,,,,,,,,,,,
,"불 원소 
여행자
#밤혼",80렙/8렙,"Q, E",,,잿더미 요원,잿더미 4세트,,,,"원충
 공%","불원피
 공%",치확 / 치피,치확 / 치피 / 공% / 원마 / 원충,,,별빛검 (여행자 전무),80/220,공:1600,200,,불행자.png
,,,,,,,천암 4세트,,,,,,,,,,,,,,,
,푸리나,90렙/9렙,"Q, E",,,"파티 피증 서포터
 오프필드 딜러 *(우시아 상태)
 단일 힐러 *(프뉴마 상태)",극단 4세트 [세팅 기준],,,,"원충
 HP%","HP%
 물원피","치확 / 치피
 HP%",치확 / 치피 / 원충 / HP%,,,고요히 샘솟는 빛 (푸리나 전무),70/180,HP:36000,200,"파티에 힐러 캐릭터 권장 
 (파티 힐러가 더 좋음)",푸리나.png
,,,,,,,,,,,,,,,,,,,,,,
,,,,,,,,,,,,,,,,,,,,,,
,,,,,,,천암 4세트,,,,,,,,,,페보니우스 검,60/150,HP:35000,,"공격력 딜러를 서포팅하는 경우
 천암 성유물이 더 권장됨",
,,,,,,,,,,,,,,,,,,,,,,
,,,,,,,,,,,,,,,,,,,,,,
,"콜롬비나
#달빛 징조
#달빛 반응 전환",90렙/9렙,"E, Q",,,"A) 달빛 반응 전용 서포터
 오프필드 딜러",A) 밤노래 4세트 [A) 세팅 기준],,,,"A) 원충
 HP%",HP%,"치확 / 치피
 HP%",치확 / 치피 / 원충 / HP% / 원마,,,막간의 야상곡 (콜롬비나 전무),A) 85/190,A) HP:30000,A) 180,"파티에 라우마 / 나히다 2돌 / 일루가 편성 시 
 각각 치확 버프 +10/10/5(6돌:10) 고려하여
 치확 100이 넘지 않도록 주의",콜롬비나.png
,,,,,,,,,,,,,,,,,,,,,,
,,,,,,,A) 여명 4세트,,,,,,,,,,,B) 45/260,B) HP:34000,B) 140,,
,,,,,,,,,,,,,,,,,,,,,,
,,,,,,,A) HP 20% 2세트 / 원충 20% 2세트 중 택 2/2세트,,,,,,,,,,페보니우스 비전 *(A) 서포터 세팅),80/110,HP:35000,180,,
,,,,,,,,,,,,,,,,,,,,,,
,,,"평, E, Q",,,"B) 온필드 딜러
 달빛 반응 전용 서포터",B) 경계 4세트 [B) 세팅 기준],,,,B) HP%,,,,,,,,,,,
,,,,,,,,,,,,,,,,,,,,,,
,,,,,,,,,,,,,,,,,"제사의 옥 (기행 무기)
 *(B) 온필드 딜러 세팅 오버치확 확정)",A) 85/180,A) HP:26000,A) 220,,
,,,,,,,,,,,,,,,,,,,,,,
,,,,,,,,,,,,,,,,,,B) 45/210,B) HP:33000,B) 140,,
,,,,,,,,,,,,,,,,,,,,,,
,"말라니
#밤혼",90렙/9렙,"E, Q",,,온필드 딜러,흑요석 4세트,,,,"HP%
 원마",물원피,"치확 / 치피
 HP%
 원마",치확 / 치피 / HP% / 원마 / 원충,,,서핑 타임 (말라니 전무),60/240,HP:33000,120,,말라니.png
,,,,,,,,,,,,,,,,,제사의 옥 (기행 무기),60/200,,,,
,,,,,,,,,,,,,,,,,약스체의 고리 (단조 무기),60/150,HP:36000,,,
,,X,X,,,A) 잿더미 요원,A) 잿더미 4세트,,,,,,,,,,드래곤 슬레이어 영웅담 *(A) 서포터 세팅),권장 스탯 X,,,,
,,,,,,,,,,,,,,,,,,,,,,
,,,,,,,,,,,,,,,,,,,,,,
,시그윈,90렙/8렙,"E, Q",,,"파티 힐러
 오프필드 E 계수 추가 서포터",지난날 4세트 [세팅 기준],,,,"HP%
 원충",HP%,HP%,HP% / 원충 / 치확 / 치피,,,심금을 울리는 하얀 비 (시그윈 전무),-,HP:55000,-,물공명 + 전무효과 O 기준 HP 65000 목표,시그윈.png
,,,,,,,,,,,,,,,,,,,,,,
,,,,,,,바다의 물든 거대 조개 4세트 [세팅 기준],,,,,,,,,,,,,,,
,,,,,,,,,,,,,,,,,곡궁,,HP:53000,,,
,,,,,,,천암 2세트 + 감로 2세트 [기타 무기들 세팅 기준],,,,,,,,,,,,,,,
,,,,,,,,,,,,,,,,,,,,,,
,느비예트,90렙/9렙,"평, Q, E",,,온필드 딜러,그림자 4세트,,,,HP%,"HP%
 물원피","치확 / 치피 
 HP%",치피 / 치확 / HP% / 원충,,,영원히 샘솟는 법전 (느비예트 전무),64/230,HP:37000,130,,느비예트.png
,,,,,,,,,,,,,,,,,제사의 옥 (기행 무기),64/220,HP:35000,,,
,,,,,,,,,,,,,,,,,황금 호박 프로토타입 (단조 무기),64/150,HP:41000,,,
,닐루,90렙/9렙,"( E, Q )",,,개화 전용 서포터,천암 2세트 + 감로 2세트,,,,HP%,HP%,HP%,HP% / HP / 원마 / 원충,,,성현의 열쇠 (닐루 전무),-,HP:70647,"130
A) -",물공명 O 기준 HP 74444 목표,닐루.png
,,,,,,,,,,,,,,,,,,,,,,
,,,,,,,,,,,,,,,,,,,A) HP:56000,,,
,,,,,,,,,,,,,,,,,,,,,,
,,,,,,,,,,,,,,,,,뱃도랑 장검 (한정 무기),,HP:63000,,,
,,,,,,,,,,,,,,,,,,,,,,
,,,,,,A) 달개화 서포터,A) 교관 4세트 [A) 세팅 기준],,,,,,,,,,,,A) HP:49000,,파티를 물/풀 원소 캐릭터로만 구성 권장,
,,,,,,,,,,,,,,,,,,,,,,
,,,,,,,,,,,,,,,,,고요한 휘파람 (단조 무기),,HP:57000,,,
,,,,,,,A) 밤노래 4세트,,,,,,,,,,,,,,,
,,,,,,,,,,,,,,,,,,,A) HP:43000,,,
,,,,,,,,,,,,,,,,,,,,,,
,야란,90렙/9렙,"Q, E",,,"오프필드 딜러
 온필드 피증 서포터",절연 4세트,,,,"HP%
 원충","물원피
 HP%","치확 / 치피
 HP%",치확 / 치피 / HP% / 원충,,,약수 (야란 전무),70/220,HP:25000,210,1돌 이후 원충:180,야란.png
,,,,,,,,,,,,,,,,,페보니우스 활,70/140,HP:30000,,,
,"카미사토 
아야토",90렙/9렙,"E, Q",,,온필드 딜러,제사 4세트,,,,공%,물원피,치확 / 치피,치확 / 치피 / 공% / 원충 / HP% / 원마,,,하란 월백의 후츠 (카미사토 아야토 전무),80/180,공:1900,110,,아야토.png
,,,,,,,,,,,,,,,,,,,,,,
,,,,,,,,,,,,,,,,,칠흑검 (기행 무기),80/170,공:1800,,,
,,,,,,,검투사 4세트,,,,,,,,,,,,,,,
,,,,,,,,,,,,,,,,,해연의 피날레 (단조 무기) *(힐러 권장),70/140,공:2100,,,
,,,,,,,,,,,,,,,,,,,,,,
,"산고노미야 
코코미",90렙/9렙,"Q, 평, E",,,A) 발사대 / 단일 + 파티 힐러,"A,B) 조개 4세트 [A,B) 세팅 기준]",,,,A) HP%,A) 물원피,A) 치유,"A,B) HP% / 원충",,,"황금 호박 프로토타입 *(A,B) 힐러 세팅)",-,A) HP:38000,150,"매 사이클 원소 폭발 사용 시 원충 :
 황금 호박 프로토타입 5재 - 150
 나머지 무기 - 180",코코미.png
,,,,,,,,,,,,,,,,,,,B) HP:42000,,,
,,,,,,B) 단일 힐러,B) 천암 4세트,,,,"B) HP%
 원충",B) HP%,"B) 치유
 HP%",,,,"드래곤 슬레이어 영웅담 *(A,B) 힐러 세팅)",,A) HP:37000,,,
,,,,,,,B) 교관 4세트,,,,,,,,,,,,B) HP:41000,,,
,,,,,,C) 개화 요원 / 단일 + 파티 힐러,C) 낙원 4세트 [C) 세팅 기준],,,,"C) 원마 
 원충",C) 원마,"C) 원마 
 치유",C) 원마 / 원충 / HP%,,,제례의 악장 *(C) 개화 요원 세팅),,원마:900 HP:21000,130,,
,,,,,,,C) 원마 80pt 2세트 중 택 2/2세트,,,,,,,,,,,,,,,
,타르탈리아,90렙/9렙,"E, Q, 평",,,온필드 딜러,님프 4세트 [세팅 기준],,,,공%,물원피,치확 / 치피,치확 / 치피 / 공% / 원마 / 원충,,,극지의 별 (타르탈리아 전무),70/160,공:1800,-,,타르탈리아.png
,,,,,,,,,,,,,,,,,,,,,,
,,,,,,,"물원피 15% 2세트 / 공 18% 2세트 / 
 원마 80pt 2세트 / 왕실 2세트 중 택 2/2세트
 (물원피 15% : 몰락, 님프)",,,,,,,,,,청록의 사냥활 (기행 무기),70/150,공:1600,,,
,,,,,,,,,,,,,,,,,,,,,,
,,,,,,,,,,,,,,,,,녹슨 활,60/120,공:1900,,,
,,,,,,,,,,,,,,,,,,,,,,
,"모나
#마도",80렙/8렙,"Q, ( E )",,,A) 파티 피증 서포터,"A,B) 왕실 4세트 [세팅 기준]",,,,"원충
 공%","공%
 물원피",치확 / 치피,치확 / 치피 / 원충 / 공%,,,드래곤 슬레이어 영웅담 *(A) 서포터 세팅),60/120,공:1300,200,"파티에 단독으로 물 캐릭터라면 원충:250
 단, 무기가 아래인 경우에는
 - 페보니우스 비전 : 190
 - 황금 호박 프로토타입 : 230
 - 맹세의 눈동자 : 210",모나.png
,,,,,,,,,,,,,,,,,,,,,,
,,,,,,,A) 은총 4세트,,,,,,,,,,,,,,,
,,,"Q, 평, E",,,"B) 발사대
 파티 피증 서포터
 증발 반응 피증 서포터 *(마도)",,,,,,,,,,,페보니우스 비전,,공:2000,160,,
,,,,,,,"A,B) 천암 4세트 [세팅 기준]",,,,,,,,,,,,,,,
,,,,,,,,,,,,,,,,,,,,,,
,"아이노
#달빛 징조",80렙,( Q ),,,달빛 반응 서포터,밤노래 4세트 [세팅 기준],,,,"원마
 원충",원마,"원마
 치확 *(페보)",원마 / 원충 / 치확 *(페보),,,페보니우스 대검,40/-,원마:700,170,4돌 이전 원충 +20,아이노.png
,,,,,,,,,,,,,,,,,,,,,,
,,,,,,,왕실 4세트,,,,,,,,,,,,,,,
,,,,,,,,,,,,,,,,,,,,,"다른 권장 스탯은 원충이 확보된 후 선택 사항
 교관 성유물은 5성 원충 시계 추천",
,,,,,,,교관 4세트,,,,,,,,,,,,,,,
,,,,,,,,,,,,,,,,,,,,,,
,달리아,80렙/8렙,Q,,,"보호막 서포터
 온필드 공속 서포터",왕실 4세트 [세팅 기준],,,,"HP%
 원충",HP%,"HP%
 치확 *(페보)",원충 / HP% / 치확 *(페보),,,페보니우스 검,40/-,HP:40000,200,명함 기준 파티에 물 캐릭터 2명 이상 추천,달리아.png
,,,,,,,잿더미 4세트,,,,,,,,,,,,,,,
,캔디스,90렙,X,,,A) 온필드 일반 공격 피증 서포터,A) 왕실 4세트 [A) 세팅 기준],,,,"A,B) 원충
 HP%","A,B) HP%","A,B) HP%
 치확 *(페보)","A,B) 원충 / HP% / 원마 / 치확 *(페보)",,,서리 숨결 *(A) 서포터 세팅),-,HP:36000,200,"교관 성유물은 원충 정도만 신경 쓰기,
 시계는 5성 원충 시계 사용 권장",캔디스.png
,,,,,,,,,,,,,,,,,,,,,,
,,,,,,,,,,,,,,,,,,,,,,
,,,,,,,,,,,,,,,,,페보니우스 장창 *(A) 서포터 세팅),40/-,,180,,
,,,,,,,"A,B) 교관 4세트",,,,,,,,,,,,,,,
,,,,,,,,,,,,,,,,,,,,,,
,,,,,,B) 개화 요원,,,,,"B) 원마
 원충",B) 원마,B) 원마,B) 원충 / 원마,,,키타인 십자창 (단조 무기) *(B) 개화 요원 세팅),-,원마:600 HP:23000,200,,
,,,,,,,,,,,,,,,,,,,,,,
,,,,,,,B) 도금 4세트 [B) 세팅 기준],,,,,,,,,,,,,,,
,,,,,,,,,,,,,,,,,,,,,,
,,,,,,,,,,,,,,,,,,,,,,
,,,,,,,,,,,,,,,,,,,,,,
,행추,90렙/9렙,"Q, E",,,"오프필드 딜러
 받피감 + 경저 증가 서포터",절연 4세트,,,,"공%
 원충",물원피,치확 / 치피,치확 / 치피 / 원충 / 공%,,,제례검,60/120,공:1500,180,6돌 이전 원충 +20,행추.png
,,,,,,,,,,,,,,,,,,,,,,
,바바라,90렙/8렙,"E, Q, ( 평 )",,,A) 단일 + 파티 힐러,A) 조개 4세트,,,,"A) HP%
 원충",A) HP%,"A) 치유
 HP%",A) HP% / 원충,,,황금 호박 프로토타입 (단조 무기),-,A) HP:33000,-,"원소 폭발 사용 시
 원충 요구치 200 이상 필요",바바라.png
,,,,,,,"A,B) 교관 4세트",,,,,,,,,,,,B) 원마:600 HP:25000,,,
,,,,,,"B) 개화 요원
 단일 + 파티 힐러",,,,,"B) 원마
 원충",B) 원마,"B) 원마
 치유",B) 원마 / 원충 / HP%,,,드래곤 슬레이어 영웅담,,A) HP:32000,,"교관 성유물은
A) 세팅 HP / B) 세팅 원마만 최대한 확보",
,,,,,,,B) 낙원 4세트,,,,,,,,,,,,B) 원마:600 HP:25000,,,
,"물 원소
여행자",80렙,X,,,교관 / (숲기) 요원,교관 4세트,,,,HP%,HP%,"HP%
 치확 *(페보)",HP% / 치확 *(페보),,,성현의 열쇠 (닐루 전무),-,HP:38000,-,육성 추천 X,물행자.png
,,,,,,,숲기 4세트,,,,,,,,,,페보니우스 검,60/-,-,,,
,"벤티
#마도",90렙/9렙,"평, Q, E",,,A) 온필드 딜러 *(마도),"A,B) 마도 4세트 [A)세팅 기준]",,,,"공%
 원충",바람원피,치확 / 치피,치확 / 치피 / 공% / 원마 / 원충,,,여명이 트는 역사 (벤티 전무),80/120,공:2000,130,A) 파티에 마도 캐릭터 2명 이상 추천,벤티.png
,,,,,,,,,,,,,,,,,,,,,,
,,,,,,,A) 그림자 4세트 *(푸리나 필수),,,,,,,,,,,,,,,
,,,,,,,,,,,,,,,,,녹슨 활 *(A) 온필드 딜러 세팅),70/100,,,,
,,,,,,,A) 누각 4세트,,,,,,,,,,,,,,,
,,,,,,,,,,,,,,,,,,,,,,
,,,"Q, E",,,"B) 청록 요원 / 파티 원충 서포터
 바람 원소 온필드 피증 서포터 *(마도)
 오프필드 딜러","A,B) 청록 4세트 [B) 세팅 기준]",,,,,,,,,,종말 탄식의 노래 (한정 무기) *(B) 서포터 세팅),60/120,공:1700,200,"여명이 트는 역사 (벤티 전무) 
 권장 스탯은 A) 세팅 기준
 B) 세팅은 기타 무기 칸에 기재",
,,,,,,,,,,,,,,,,,,,,,,
,,,,,,,,,,,,,,,,,,,,,,
,,,,,,,,,,,,,,,,,페보니우스 활 *(B) 서포터 세팅),,공:1500,,,
,,,,,,,,,,,,,,,,,,,,,,
,,,,,,,,,,,,,,,,,,,,,,
,"바르카
#마도",90렙/9렙,"E, ( Q )",,,온필드 딜러,마도 4세트 [세팅 기준],,,,공%,"공%
 불원피",치확 / 치피,치확 / 치피 / 공%,,,늑대의 무용담 (바르카 전무),80/180,공:2400,-,파티에 마도 캐릭터 2명 이상 추천,바르카.png
,,,,,,,,,,,,,,,,,,,,,,
,,,,,,,,,,,,,,,,,이무기 검 (기행 무기),80/170,공:2200,,"파티 구성 시 바람 2명 + 불/물/번개/얼음 2명
 캐릭터로 구성 권장",
,,,,,,,시메 4세트,,,,,,,,,,,,,,,
,,,,,,,,,,,,,,,,,파도 그림자 대검 (단조 무기) *(힐러 권장),80/110,공:2600,,전투 중 기준 공 2500 이상 권장,
,,,,,,,,,,,,,,,,,,,,,,
,"유메미즈키 
미즈키",80렙/9렙,"E, ( Q )",,,"온필드 딜러
 파티 별 확산 반응 피증 서포터
  단일 힐러",증표 4세트 [세팅 기준],,,,원마,원마,"치확 / 치피
 원마",치확 / 치피 / 원마,,,나른한 새해 (유메미즈키 미즈키 전무),60/120,원마:700,-,,미즈키.png
,,,,,,,,,,,,,,,,,,,,,,
,,,,,,,,,,,,,,,,,,,,,,
,,,,,,,도금 4세트,,,,,,,,,,,,,,,
,,,,,,,,,,,,,,,,,서릿빛 새벽 (한정 무기),84/120,원마:500,,,
,,,,,,,,,,,,,,,,,,,,,,
,,,,,,,원마 80pt 2세트 중 택 2/2세트,,,,,,,,,,,,,,,
,,,,,,,,,,,,,,,,,,,,,,
,,,,,,,,,,,,,,,,,음유시인의 악장,,,,,
,,,,,,,청록 4세트,,,,,,,,,,,,,,,
,,,,,,,,,,,,,,,,,,,,,,
,,,,,,,,,,,,,,,,,,,,,,
,"차스카
#밤혼",90렙/9렙,"E, Q",,,온필드 딜러,흑요석 4세트,,,,공%,공%,치확 / 치피,치확 / 치피 / 공% / 원마 / 원충,,,붉은 깃 별독수리 (차스카 전무),60/220,공:2200,-,파티 구성 시 바람/풀/바위 캐릭터 구성 비권장,차스카.png
,,,,,,,,,,,,,,,,,꽃장식 깃 (한정 무기),60/150,공:2400,,,
,,,,,,,,,,,,,,,,,사슬 파괴자 (단조 무기),,,,,
,한운,90렙/9렙,Q,,,"낙공 전용 서포터
 (청록 요원)
 파티 힐러",청록 4세트,,,,"원충
 공%",공%,공%,공% / 원충 / 치확 *(페보),,,학의 여음 (한운 전무),-,공:3100,200,,한운.png
,,,,,,,,,,,,,,,,,,,,,,
,,,,,,,지난날 4세트,,,,,,,,,,,,,,,
,,,,,,,,,,,,,,,,,페보니우스 비전,40/-,공:2700,,,
,,,,,,,공 18% 2세트 중 택 2/2세트,,,,,,,,,,,,,,,
,,,,,,,,,,,,,,,,,,,,,,
,방랑자,90렙/9렙,"평, E, Q",,,온필드 딜러,누각 4세트 [세팅 기준],,,,공%,"바람 원소 피해
 공%",치확 / 치피,치확 / 치피 / 공% / 원충,,,툴레이툴라의 기억 (방랑자 전무),80/160,공:1900,120,"상황에 따라
 특성으로 치확 +20을 고려하여 치확 세팅",방랑자.png
,,,,,,,시메 4세트,,,,,,,,,,음유시인의 악장,80/170,공:1700,,,
,"카에데하라 
카즈하",90렙/9렙,"( Q, E, 평 )",,,"파티 피증 서포터
 청록 요원",청록 4세트,,,,"원마
 원충",원마,원마,원마 / 원충,,,오래된 자유의 서약 (카에데하라 카즈하 전무),-,원마:900,160,,카즈하.png
,,,,,,,,,,,,,,,,,,,,,,
,,,,,,,,,,,,,,,,,크시포스의 달빛 (한정 무기),,,,,
,,,,,,,,,,,,,,,,,,,,,,
,,,,,,,,,,,,,,,,,강철 벌침 (단조 무기),,,,,
,,,,,,,,,,,,,,,,,,,,,,
,소,90렙/9렙,"평, Q, E",,,온필드 딜러,맹세 4세트 [세팅 기준],,,,공%,바람원피,치확 / 치피,치확 / 치피 / 공% / 원충,,,화박연,80/160,공:2000,130,"파티에 한운 편성 시 치확 +4~10을 고려하여 
 치확 세팅",소.png
,,,,,,,,,,,,,,,,,,,,,,
,,,,,,,진사 4세트,,,,,,,,,,,,,,,
,,,,,,,,,,,,,,,,,결투의 창 (기행 무기),80/190,공:1600,,,
,,,,,,,그림자 4세트 *(푸리나 필수),,,,,,,,,,,,,,,
,,,,,,,,,,,,,,,,,,,,,,
,진,80렙/8렙,"Q, ( E )",,,"파티 힐러
 청록 요원
 파티 공속 / 이속 증가 서포터 *(2돌 이후)
 적 바람 원소 내깍 서포터 *(4돌 이후)",청록 4세트,,,,"원충
 공%",공%,"치유
 공%
 치확 *(페보)",원충 / 공% / 치확 *(페보),,,페보니우스 검,40/-,공:1700,220,,진.png
,,,,,,,왕실 4세트,,,,,,,,,,,,,,,
,"프루네
 #마도",80렙/8렙,"( Q, E )",,,"파티 피증 서포터
 청록 요원
 온필드 공증 서포터 *(6돌)",청록 4세트 [세팅 기준],,,,"공%
 원충",공%,공%,원충 / 공% / 공,,,천공의 두루마리,-,공:3200,160,"불 공명 O + 공 버프 기준 공 4000 목표
 (다른 스탯에 비례하는 공 버프는 적용 X)",프루네.png
,,,,,,,,,,,,,,,,,,,,,,
,,,,,,,은총 4세트,,,,,,,,,,맹세의 눈동자 (이벤트 무기),,공:2800,120,"원충 명함 기준 210 / 
 1돌 이후 6돌 이전 180 이상 권장",
,,,,,,,,,,,,,,,,,,,,,,
,,,,,,,왕실 4세트,,,,,,,,,,순수한 달빛 물결 (단조 무기),,,160,파티에 마도 캐릭터 2명 이상 추천,
,,,,,,,,,,,,,,,,,,,,,,
,"야호다
#달빛 징조",80렙/8렙,"Q, ( E )",,,"2인 힐러
 청록 요원
 파티 달빛 징조 캐릭터
 치확/치피 증가 서포터 *(6돌)",청록 4세트 [세팅 기준],,,,"원충
 공%",공%,"치유
 공%
 치확 *(페보)",원충 / 공% / 치확 *(페보),,,페보니우스 활,40/-,공:1700,170,4돌 이전 원충:190,야호다.png
,,,,,,,,,,,,,,,,,,,,,,
,,,,,,,,,,,,,,,,,,,,,,
,,,,,,,밤노래 4세트,,,,,,,,,,,,,,,
,,,,,,,,,,,,,,,,,,,,,,
,,,,,,,,,,,,,,,,,,,,,,
,"이파
#밤혼",90렙/9렙,"E, Q",,,"A) 온필드 딜러 *(6돌)
 파티 힐러",A) 흑요석 4세트,,,,A) 공%,A) 바람원피,A) 치확 / 치피,A) 치확 / 치피 / 공% / 원충 / 원마,,,음유시인의 악장 *(A) 온필드 딜러 세팅),60/170,공:1400,130,명함 원충:150,이파.png
,,,,,,,,,,,,,,,,,,,,,,
,,80렙/8렙,,,,"B) 발사대 / 청록 요원
 확산 / 감전 반응 피증 서포터
 파티 힐러",B) 청록 4세트,,,,B) 원마,B) 원마,B) 원마,B) 원마 / 원충,,,황금 호박 프로토타입 (단조 무기) *(B) 발사대 세팅),-,원마:700,,,
,,,,,,,,,,,,,,,,,,,,,,
,남연,80렙/8렙,"E, ( Q )",,,"보호막 서포터
 청록 요원",청록 4세트,,,,"공%
 원충",공%,공%,공% / 원마 / 원충,,,황금 호박 프로토타입 (단조 무기),-,공:2400,-,"원소 폭발 사용 시
 원충 요구치 200 이상 필요",남연.png
,,,,,,,,,,,,,,,,,,,,,,
,,90렙/9렙,"E, Q, 평",,,"A) 발사대 / 청록 요원
 보호막 서포터",,,,,A) 공%,"A) 공%
 바람원피",A) 치확/치피,A) 치확 / 치피 / 공% / 원마 / 원충,,,맹세의 눈동자 (이벤트 무기),-,공:2800,,,
,,,,,,,,,,,,,,,,,,A) 60/120,A) 공:2400,,,
,리넷,80렙/8렙,"Q, E",,,"청록 요원
 오프필드 딜러",청록 4세트,,,,"원충
 공%",바람원피,치확 / 치피,치확 / 치피 / 공% / 원충,,,제례검,60/120,공:1400,190,4돌 이전 원충:220,리넷.png
,,,,,,,,,,,,,,,,,,,,,,
,,,,,,,,,,,,,,,,,늑대 송곳니 (기행 무기),70/150,공:1100,,,
,,,,,,,,,,,,,,,,,,,,,,
,,,,,,,,,,,,,,,,,해연의 피날레 (단조 무기),60/120,공:1400,,,
,,,,,,,,,,,,,,,,,,,,,,
,파루잔,80렙/9렙,Q,,,"바람 원소 전용 서포터
 (청록 요원)",절연 2세트 + 밤노래 2세트 [세팅 기준],,,,"원충
 공%",바람원피,치확 / 치피,원충 / 치확 / 치피 / 공%,,,페보니우스 활,60/-,-,250,6돌 이전 원충:280,파루잔.png
,,,,,,,절연 4세트,,,,,,,,,,,,,,,
,,,,,,,천암 4세트 *(6돌),,,,,,,,,,,,,,,
,,,,,,,청록 4세트,,,,,,,,,,,,,,,
,"시카노인 
헤이조",90렙/9렙,"E, Q, 평",,,"발사대
 청록 요원",청록 4세트,,,,공%,바람원피,치확 / 치피,치확 / 치피 / 공% / 원마,,,음유시인의 악장,70/150,공:1500,110,4돌 이전 원충:130,헤이조.png
,,,,,,,,,,,,,,,,,,,,,,
,사유,80렙/8렙,Q,,,"청록 요원
 파티 + 단일 힐러",청록 4세트,,,,"가) 원충
 공%",가) 공%,"가) 치유
 공%",가) 원충 / 공% / 치확 *(페보) / 원마,,,페보니우스 대검,40/-,가) 공:1500,250,6돌 이후 나) 성유물 세팅 추천,사유.png
,,,,,,,왕실 4세트,,,,"나) 원충
 원마",나) 원마,"나) 치유
 원마",나) 원마 / 원충 / 공%,,,,,나) 원마:600,,,
,"설탕
#마도",80렙,X,,,"청록 요원
 파티 원마 증가 서포터",청록 4세트,,,,"원마
 원충",원마,원마,원마 / 원충,,,방랑하는 저녁별 (한정 무기),-,원마:800,-,"원소 폭발 사용 시
 원충 요구치 170 이상 필요",설탕.png
,,,,,,,,,,,,,,,,,제례의 악장,,,,,
,,,,,,,,,,,,,,,,,드래곤 슬레이어 영웅담,,원마:600,,,
,"바람 원소 
여행자",80렙,X,,,청록 요원,청록 4세트,,,,"공%
 원충",바람원피,치확 / 치피,치확 / 치피 / 공% / 원충,,,별빛검 (여행자 전무),80/220,공:2000,-,육성 추천 X,바람행자.png
,,,,,,,,,,,,,,,,,페보니우스 검,70/140,공:1600,-,,
,라이덴 쇼군,90렙/9렙,"Q, E",,,"온필드 딜러
 파티 원폭 피증 서포터
 원충 서포터",절연 4세트 [세팅 기준],,,,"원충
 공%","번원피
 공%",치확 / 치피,치확 / 치피 / 원충 / 공%,,,예초의 번개 (라이덴 쇼군 전무),60/120,공:1900,280,라이덴이 필드에 없는 상태 기준,라이덴.png
,,,,,,,,,,,,,,,,,,,,,,
,,,,,,,,,,,,,,,,,신성한 제사의 지팡이 (한정 무기),60/130,공:1500,220,,
,,,,,,,,,,,,,,,,,,,,,,
,,,,,,,,,,,,,,,,,「어획」 (낚시 무기),60/120,공:1300,250,,
,,,,,,,,,,,,,,,,,,,,,,
,"플린스
#달빛 징조
#달 감전 전환",90렙/9렙,"Q, ( E )",,,온필드 딜러,경계 4세트,,,,공%,공%,치확 / 치피,치확 / 치피 / 원충 / 공% / 원마,,,피로 물든 성 (플린스 전무),70/180,공:2500,115,"명함 기준 
 파티에 번개 캐릭터 
 2명 이상 추천",플린스.png
,,,,,,,,,,,,,,,,,,,,,,
,,,,,,,,,,,,,,,,,결투의 창 (기행 무기),70/200,공:2000,140,,
,,,,,,,,,,,,,,,,,,,,,,
,,,,,,,,,,,,,,,,,채굴의 삽 (단조 무기),70/140,공:2500,,,
,,,,,,,,,,,,,,,,,,,,,,
,"이네파
#달빛 징조
#달 감전 전환",90렙/9렙,"Q, E",,,"오프필드 딜러
 달감전 서포터
 보호막 서포터",여명 4세트 [세팅 기준],,,,"공%
 원충",공%,치확 / 치피,치확 / 치피 / 원충 / 공% / 원마,,,파멸의 빛고리 (이네파 전무),80/180,공:2000,160,,이네파.png
,,,,,,,밤노래 4세트,,,,,,,,,,협만의 노래 (기행 무기),70/160,,,,
,,,,,,,천암 4세트,,,,,,,,,,키타인 십자창 (단조 무기),60/140,,,,
,"바레사
#밤혼",90렙/9렙,"평, Q, E",,,온필드 딜러,1) 맹세 4세트,,,,공%,"번원피
 공%",치확 / 치피,치확 / 치피 / 원충 / 공%,,,빛나는 마음 (바레사 전무),1) 80/160,공:2300,130,파티에 번개 캐릭터 2명 이상 추천,바레사.png
,,,,,,,,,,,,,,,,,,2) 60/200,,,,
,,,,,,,2) 흑요석 4세트,,,,,,,,,,음유시인의 악장,1) 80/170,공:1700,,"파티에 한운 편성 시 치확 +4~10을 고려하여 
 치확 세팅",
,,,,,,,,,,,,,,,,,,2) 60/210,,,,
,클로린드,90렙/9렙,"E, Q",,,온필드 딜러,공상 4세트 [세팅 기준],,,,공%,"번원피
 공%",치확 / 치피,치확 / 치피 / 공% / 원마 / 원충,,,사면 (클로린드 전무),80/180,공:2100,120,"특성으로 전투 중 치확 +20을 고려해 
 치확이 100이 넘지 않도록 주의",클로린드.png
,,,,,,,번분 4세트,,,,,,,,,,칠흑검 (기행 무기),80/170,공:1800,,,
,,,,,,,검투사 4세트 [세팅 기준],,,,,,,,,,해연의 피날레 (단조 무기),80/140,공:2200,,,
,사이노,90렙/9렙,"Q, E",,,온필드 딜러,산산 4세트 [세팅 기준],,,,원마,원마,치확 / 치피,치확 / 치피 / 원충 / 원마 / 공%,,,적색 사막의 지팡이 (사이노 전무),84/190,원마:400,140,파티에 번개 캐릭터 2명 이상 추천,사이노.png
,,,,,,,,,,,,,,,,,,,,,,
,,,,,,,도금 4세트,,,,,,,,,,협만의 노래 (기행 무기),84/160,,,,
,,,,,,,,,,,,,,,,,,,,,"파티에 번개 캐릭터 3명 이상인 경우
 원충:120",
,,,,,,,번분 4세트,,,,,,,,,,수호의 노래 (단조 무기),84/110,원마:500,,,
,,,,,,,,,,,,,,,,,,,,,,
,야에 미코,90렙/9렙,"E, ( Q )",,,오프필드 딜러,산산 4세트 [세팅 기준],,,,"공%
 원마","공%
 원마",치확 / 치피,치확 / 치피 / 공% / 원마 / 원충,,,카구라의 진의 (야에 미코 전무),84/170,공:2400,-,"파티에 얼음 캐릭터가 3명인 경우
 스탯에서 치확:-15/치피:+30으로 계산",미코.png
,,,,,,,,,,,,,,,,,,,,,,
,,,,,,,용광로 4세트,,,,,,,,,,,,,,,
,,,,,,,,,,,,,,,,,충성의 메아리 (단조 무기),84/110,공:2600,,"성유물 시계 / 성배 중 원마 주옵 선택 시 
 한 부위만 선택",
,,,,,,,도금 4세트,,,,,,,,,,,,,,,
,,,,,,,,,,,,,,,,,,,,,,
,각청,90렙/9렙,"평, Q, E",,,온필드 딜러,번분 4세트 [세팅 기준],,,,"공%
 원마",번원피,치확 / 치피,치확 / 치피 / 공% / 원마 / 원충,,,늑대 송곳니 (기행 무기),85/160,공:1600,-,"특성으로 전투 중 치확 +15를 고려해 
 치확 100이 넘지 않도록 주의",각청.png
,,,,,,,도금 4세트,,,,,,,,,,용의 포효,70/140,공:2000,,,
,알료샤,80렙/9렙,"E, Q",,,"별 초전도 서포터
 단일 or 2인*(4돌 이후) 힐러",왕실 4세트 [세팅 기준],,,,"공%
 원충",공%,"치확 *(페보)
 공%",원충 / 공%,,,페보니우스 장창,40/-,공:2200,140,"파티에 번개 캐릭터 2명 이상 추천
 파티에 번개 캐릭터 단독인 경우 원충:160",알료샤.png
,,,,,,,용광로 4세트,,,,,,,,,,,,,,"명함 원충
 파티에 번개 캐릭터 2명 이상:180
 파티에 번개 캐릭터 단독:210",
,"얀사
#밤혼",90렙/9렙,"Q, ( E )",,,"온필드 공증 서포터
 잿더미 요원
 온필드 피증 서포터 *(6돌)",잿더미 4세트 [세팅 기준],,,,"공%
 원충%",공%,공%,공% / 원충 / 공 / 치확 *(페보),,,페보니우스 장창,40/-,공:2836,160,명함 원충:200,얀사.png
,,,,,,,왕실 4세트,,,,,,,,,,,,,,"왕실+번개 캐릭터 2명 이상인 경우
 원충: 명함 - 210 / 1돌 - 180",
,"올로룬
#밤혼",80렙/8렙,"Q, ( E )",,,"잿더미 요원
 오프필드 딜러",잿더미 4세트,,,,"가) 공%
 원충","가) 번원피
 공%",가) 치확 / 치피,가) 치확 / 치피 / 공% / 원마 / 원충,,,페보니우스 활,가) 60/120,가) 공:1700,160,4돌 이전 원충:200,올로룬.png
,,,,,,,,,,,"나) 원마
 원충",나) 원마,"나) 원마
 치확 *(페보)",나) 원마 / 원충 / 치확 *(페보),,,,나) 40/-,나) 원마:600,,,
,세토스,90렙/9렙,"평, Q, E",,,온필드 딜러,악단 4세트 [세팅 기준],,,,"원마
 원충",번원피,치확 / 치피,치확 / 치피 / 원충 / 원마,,,탄궁,70/160,원마:400,120,6돌 이전 원충:140,세토스.png
,,,,,,,,,,,,,,,,,,,,,,
,,,,,,,도금 4세트 [세팅 기준],,,,,,,,,,,,,,,
,,,,,,,,,,,,,,,,,,,,,,
,,,,,,,번분 4세트,,,,,,,,,,,,,,,
,,,,,,,,,,,,,,,,,,,,,,
,도리,90렙/8렙,"Q, E",,,"A) 만개 요원 / 온필드 원충 서포터
 단일 힐러",A) 도금 4세트 [A) 세팅 기준],,,,"A) 원마
 원충",A) 원마,"A) 원마
 치유",A) 원충 / 원마 / HP% / HP,,,제례 대검,-,A) 원마:700,200,,도리.png
,,,,,,,,,,,,,,,,,,,,,,
,,,,,,,,,,,,,,,,,,,,,,
,,,,,,,A) 번분 4세트 *(6돌) *(온필드),,,,,,,,,,,,,,,
,,,,,,,,,,,,,,,,,,,,,,
,,,,,,,,,,,,,,,,,,,,,,
,,80렙/8렙,,,,"B) 단일 힐러
 온필드 원충 서포터",B) 왕실 4세트 [B) 세팅 기준],,,,"B) 원충
 HP%",B) HP%,"B) HP%
 치유",B) 원충 / HP% / HP,,,,,B) HP:37000,,,
,,,,,,,,,,,,,,,,,,,,,,
,,,,,,,,,,,,,,,,,,,,,,
,,,,,,,B) 교관 4세트,,,,,,,,,,,,,,,
,,,,,,,,,,,,,,,,,,,,,,
,,,,,,,,,,,,,,,,,,,,,,
,쿠키 시노부,90렙/8렙,E (Q),,,"A) 만개 요원
 단일 힐러",A) 낙원 4세트 [A) 세팅 기준],,,,A) 원마,A) 원마,A) 원마,A) 원마 / HP% / 원충,,,크시포스의 달빛 (한정 무기) *(A) 만개 요원 세팅),-,원마:900 HP:23000,-,,시노부.png
,,,,,,,A) 도금 4세트 [A) 세팅 기준],,,,,,,,,,강철 벌침 (단조 무기) *(A) 만개 요원 세팅),,,,,
,,,,,,B) 단일 힐러,B) 천암 4세트 [B) 세팅 기준],,,,B) HP%,B) HP%,"B) 치유
 HP%",B) HP% / 원마 / 원충 / 치확 *(페보),,,페보니우스 검 *(B) 힐러 세팅),40/-,HP:35000,,,
,,,,,,,B) 교관 4세트,,,,,,,,,,,,,,,
,쿠죠 사라,80렙/9렙,"E, Q",,,번개 원소 전용 서포터,절연 4세트,,,,"원충
 공%","번원피
 공%",치확 / 치피,치확 / 치피 / 원충 / 공%,,,천공의 날개,70/160,공:1500,200,,사라.png
,,,,,,,,,,,,,,,,,모운의 달 (한정 무기),60/120,공:1600,,,
,,,,,,,,,,,,,,,,,제례활,,,,,
,"피슬
#마도",90렙/9렙,E,,,"오프필드 딜러
 파티 공증 서포터 *(마도/과부하)
 파티 원마 증가 서포터 *(마도/감전,달 감전)",극단 4세트 [세팅 기준],,,,공%,"번원피
 공%",치확 / 치피,치확 / 치피 / 공% / 원마 / 원충,,,뒷골목의 사냥꾼 (한정 무기),60/120,공:2000,120,,피슬.png
,,,,,,,마도 4세트,,,,,,,,,,,,,,,
,,,,,,,은총 4세트,,,,,,,,,,절현,,공:1700,,,
,,,,,,,천암 4세트,,,,,,,,,,,,,,,
,북두,80렙/8렙,"( Q, E )",,,"적 번개 / 얼음*(별 초전도) 원소 내깍 서포터 *(6돌)
 온필드 경저 증가 + 받피감 서포터
  보호막 서포터 *(1돌 이후)",왕실 4세트 [세팅 기준],,,,"공%
 원충","번원피
 공%",치확 / 치피,원충 / 치확 / 치피 / 공%,,,페보니우스 대검,60/120,공:1500,150,파티에 번개 캐릭터 2명 이상 추천,북두.png
,,,,,,,,,,,,,,,,,,,,,,
,,,,,,,절연 4세트,,,,,,,,,,,,,,,
,,,,,,,,,,,,,,,,,,,,,다른 권장 스탯은 원충이 확보된 후 선택 사항,
,,,,,,,원충 20% 2세트 중 택 2/2세트,,,,,,,,,,,,,,,
,,,,,,,,,,,,,,,,,,,,,,
,"레이저
#마도",90렙/9렙,"평, Q, E",,,A) 온필드 딜러,A) 마도 4세트 [A) 세팅 기준],,,,A) 공%,A) 번원피,A) 치확 / 치피,A) 치확 / 치피 / 공% / 원충,,,이무기 검 (기행 무기) *(A) 온필드 딜러 세팅),70/150,공:1600,-,A) 파티에 마도 캐릭터 2명 권장,레이저.png
,,,,,,,,,,,,,,,,,,,,,,
,,,,,,,A) 번분 4세트,,,,,,,,,,,,,,,
,,,,,,,,,,,,,,,,,,,,,,
,,,,,,,A) 검투사 4세트,,,,,,,,,,,,,,,
,,,,,,,,,,,,,,,,,,,,,,
,,90렙,X,,,B) 만개 요원,B) 낙원 4세트 [B) 세팅 기준],,,,"B) 원마 
 원충",B) 원마,B) 원마,B) 원마 / 원충,,,꽃 장식 대검 (이벤트 무기) *(B) 만개 요원 세팅),-,원마:800,120,A) 6돌 미만 원충 : 120,
,,,,,,,,,,,,,,,,,,,,,,
,,,,,,,,,,,,,,,,,,,,,,
,,,,,,,B) 도금 4세트 [B) 세팅 기준],,,,,,,,,,빗물 베기 *(B) 만개 요원 세팅),,원마:900,,,
,,,,,,,,,,,,,,,,,,,,,,
,,,,,,,,,,,,,,,,,,,,,,
,리사,80렙,X,,,A) 적 방깍 서포터,A) 왕실 4세트,,,,"원충
 원마",원마,원마,원마 / 원충,,,드래곤 슬레이어 영웅담 *(A) 서포터 세팅),-,-,200,,리사.png
,,,,,,,,,,,,,,,,,,,,,,
,,90렙,,,,B) 만개 요원,B) 도금 4세트,,,,,,,,,,방랑하는 저녁별 (한정 무기) *(B) 만개 요원 세팅),,원마:800,,,
,,,,,,,,,,,,,,,,,제례의 악장 *(B) 만개 요원 세팅),,,,,
,"번개 원소
여행자",80렙,X,,,온필드 원충 서포터,절연 4세트,,,,원충,번원피,치확,원충 / 치확 *(페보),,,페보니우스 검,60/-,-,250,육성 추천 X,번개행자.png
,,,,,,,,,,,,,,,,,,,,,시계 제외 주옵 신경 X,
,나히다,90렙/9렙,"E, Q",,,"숲기 요원
 온필드 원마 증가 서포터
 오프필드 딜러",숲기 4세트,,,,"원마
 원충",원마,"원마
 치확 / 치피",치확 / 치피 / 원마 / 원충 / 공%,,,떠오르는 천일 밤의 꿈 (나히다 전무),36/120,원마:1000,130,특성으로 전투 중 치확 최대 +24,나히다.png
,,,,,,,,,,,,,,,,,,,,,,
,,,,,,,,,,,,,,,,,방랑하는 저녁별 (한정 무기),,원마:900,,,
,,,,,,,,,,,,,,,,,,,,,,
,,,,,,,,,,,,,,,,,제례의 악장,,,,,
,,,,,,,,,,,,,,,,,,,,,,
,"네페르
#달빛 징조
#달 개화 전환",90렙/9렙,"E, (Q)",,,온필드 딜러,경계 4세트,,,,원마,원마,"치확/치피
 원마",치확 / 치피 / 원마,,,진실의 함 (네페르 전무),60/260,원마:600,-,전투 중 기준 원마 800 이상 목표,네페르.png
,,,,,,,,,,,,,,,,,,,,,,
,,,,,,,,,,,,,,,,,서릿빛 새벽 (한정 무기),60/210,,,매 사이클 원소폭발 사용 시 원충:130,
,,,,,,,,,,,,,,,,,,,,,,
,,,,,,,,,,,,,,,,,검은 골수의 등불 (단조 무기),60/150,원마:800,,"파티에 나히다 2돌 편성 시 
 스탯에서 치확:-10/치피:+20으로 계산",
,,,,,,,,,,,,,,,,,,,,,,
,"라우마
#달빛 징조
#달 개화 전환",90렙/9렙,"E, Q",,,"달 개화 서포터 *(달빛 징조 · 보름)
 개화 / 만개 / 발화 반응 서포터 *(달빛 징조 · 초승)
 (숲기 요원)
 단일 힐러 *(1돌 이후)",밤노래 4세트 [세팅 기준],,,,"원충
 원마",원마,"원마
 치확 / 치피",원마 / 원충 / 치확 / 치피,,,밤을 엮는 거울 (라우마 전무),-,원마:1100,200,파티에 풀 캐릭터 2명 이상 추천,라우마.png
,,,,,,,,,,,,,,,,,,,,,,
,,,,,,,원마 80pt 2세트 중 택 2/2세트,,,,,,,,,,금빛 류트 (이벤트 무기),,원마:1000,,,
,,,,,,,,,,,,,,,,,,,,,,
,,,,,,,숲기 4세트,,,,,,,,,,검은 골수의 등불 (단조 무기),,,,,
,,,,,,,,,,,,,,,,,,,,,,
,"키니치
#밤혼",90렙/9렙,"E, Q",,,온필드 딜러,흑요석 4세트,,,,공%,풀원피,"치확 / 치피 
 공%",치확/ 치피 / 공% / 원충,,,산왕의 엄니 (키니치 전무),60/180,공:2000,120,,키니치.png
,,,,,,,,,,,,,,,,,대지를 울리는 자 (단조 무기),60/150,,,,
,에밀리,90렙/9렙,"E, Q",,,"오프필드 딜러
 숲기 요원",숲기 4세트 [세팅 기준],,,,공%,"풀원피
 공%","치확 / 치피
 공%",치확 / 치피 / 공% / 원충,,,등방울꽃의 애가 (에밀리 전무),70/200,공:2000,130,전무가 아닌 경우 2사이클 1궁 권장,에밀리.png
,,,,,,,몽상 4세트,,,,,,,,,,신성한 제사의 지팡이 (한정 무기),70/150,공:1900,-,,
,백출,90렙/9렙,"Q, E",,,"파티 + 단일 힐러 / 보호막 서포터
 풀 원소 반응 피증 서포터
 (숲기 요원)","HP 20% 2세트 / 치유 15% 2세트 / 
 원충 20% 2세트 중 택 2/2세트 [세팅 기준]
 (치유 15% : 소녀, 조개, 지난날)",,,,"원충
 HP%",HP%,HP%,원충 / HP% / HP,,,벽락의 옥 (백출 전무),-,HP:50000,180,,백출.png
,,,,,,,,,,,,,,,,,,,,,,
,,,,,,,,,,,,,,,,,,,,,,
,,,,,,,,,,,,,,,,,황금 호박 프로토타입 (단조 무기),,,,,
,,,,,,,교관 4세트,,,,,,,,,,,,,,,
,,,,,,,숲기 4세트,,,,,,,,,,,,,,,
,알하이탐,90렙/9렙,"E, 평, Q",,,온필드 딜러,도금 4세트,,,,원마,"풀원피
 원마",치확 / 치피,치확 / 치피 / 원마 / 원충 / 공%,,,잎을 가르는 빛 (알하이탐 전무),80/170,원마:300 공:1100,130,,알하이탐.png
,,,,,,,,,,,,,,,,,늑대 송곳니 (기행 무기),70/150,,,,
,,,,,,,,,,,,,,,,,강철 벌침 (단조 무기),60/120,원마:500 공:1100,,,
,타이나리,90렙/9렙,"평, Q, E",,,온필드 딜러,악단 4세트,,,,"원마
 공%",풀원피,치확 / 치피,치확 / 치피 / 원마 / 공% / 원충,,,사냥꾼의 길 (타이나리 전무),80/160,원마:300 공:1100,120,,타이나리.png
,,,,,,,,,,,,,,,,,,,,,,
,,,,,,,,,,,,,,,,,꽃장식 깃 (한정 무기),60/120,원마:300 공:1400,,,
,,,,,,,도금 4세트,,,,,,,,,,,,,,,
,,,,,,,,,,,,,,,,,탄궁,70/160,원마:300 공:900,,,
,,,,,,,,,,,,,,,,,,,,,,
,키라라,90렙/8렙,"E, Q",,,"보호막 서포터
 (숲기 요원)",숲기 4세트 *(4돌 이후 추천) [세팅 기준],,,,HP%,HP%,HP%,HP% / 원충 / 원마 / HP,,,제례검,-,HP:40000,-,,키라라.png
,,,,,,,천암 2세트 + 감로 2세트,,,,,,,,,,,,,,,
,카베,90렙/8렙,"Q, ( E )",,,"발사대
 개화 반응 피증 서포터
 (숲기 요원)",숲기 4세트 [세팅 기준],,,,"원충
 원마",원마,원마,원충 / 원마 / 공% / 치확 / 치피,,,페보니우스 대검,40/-,원마:700,200,,카베.png
,,,,,,,낙원 4세트,,,,,,,,,,,,,,,
,,,,,,,도금 4세트,,,,,,,,,,,,,,,
,요요,90렙/8렙,"E, Q",,,"단일 + 파티 힐러
 숲기 요원",숲기 4세트 [세팅 기준],,,,"HP%
 원충",HP%,"치유
 HP%",원충 / HP% / HP / 원마 *(개화),,,위대한 사막 현자의 대답 (이벤트 무기),-,HP:40000,160,2돌 이전 원충:200,요요.png
,,,,,,,천암 4세트,,,,,,,,,,키타인 십자창 (단조 무기),,HP:35000,,,
,콜레이,80렙,"( Q, E )",,,"숲기 요원
 오프필드 딜러",숲기 4세트,,,,"원충
 공%",풀원피,치확 / 치피,치확 / 치피 / 원충 / 공% / 원마,,,그물을 뚫는 화살 (단조 무기),60/120,공:1400,200,,콜레이.png
,,,,,,,,,,,,,,,,,,,,,,
,"풀 원소 
여행자",80렙/8렙,"( Q, E )",,,숲기 요원,숲기 4세트,,,,"원충
 원마",가) 원마,가) 원마,가) 원마 / 원충,,,별빛검 (여행자 전무) *(나) 치명타 세팅),80/220,원마:100,210,,풀행자.png
,,,,,,,,,,,,,,,,,,,,,,
,,,,,,,,,,,,나) 풀원피,나) 치확/치피,나) 치확 / 치피 / 원충 / 원마 / 공%,,,제례검,가) -,가) 원마:500,250,,
,,,,,,,,,,,,,,,,,,나) 70/140,나) 원마:100,,,
,"오데트
 #별빛 반응 전환",90렙/9렙,"E, ( Q )",,,"별빛 반응 전용 서포터
 오프필드 딜러",용광로 4세트 [세팅 기준],,,,공%,공%,치확/치피,치확 / 치피 / 공% / 원마,,,백조의 호수 (오데트 전무),85/150,공:2500,-,,오데트.png
,,,,,,,,,,,,,,,,,,,,,,
,,,,,,,,,,,,,,,,,,,,,,
,,,,,,,산산 4세트 *(별 초전도),,,,,,,,,,해연의 피날레 (단조 무기) *(파티 힐러 권장),80/110,,,,
,,,,,,,,,,,,,,,,,,,,,,
,,,,,,,,,,,,,,,,,,,,,,
,"산드로네
 #별 초전도 전환",90렙/9렙,"평, Q, E",,,온필드 딜러,산산 4세트 [세팅 기준],,,,공%,공%,"치확/치피
 공%",치확 / 치피 / 공% / 원충 / 원마,,,초월의 열쇠 (산드로네 전무),69/180,공:2800,130,"파티에 얼음 캐릭터 2명 이상
 + 페보니우스 요원 1명 이상 추천",산드로네.png
,,,,,,,,,,,,,,,,,,,,,,
,,,,,,,,,,,,,,,,,황금빛 선율 (기행 무기),69/190,공:2200,,,
,,,,,,,도금 4세트,,,,,,,,,,,,,,"파티에 페보니우스 요원이 없는 경우
 2사이클 1궁 권장",
,,,,,,,,,,,,,,,,,구원의 대검 (단조 무기),69/140,공:2600,,,
,,,,,,,,,,,,,,,,,,,,,,
,"로엔
 #마도",90렙/9렙,"E, Q",,,온필드 딜러,마도 4세트 [세팅 기준],,,,공%,"얼음원피
 공%",치확/치피,치확 / 치피 / 공% / 원충,,,재앙 (로엔 전무),80/160,공:2100,110,매 사이클 원소폭발 사용 시 원충:160,로엔.png
,,,,,,,,,,,,,,,,,,,,,,
,,,,,,,얼음 4세트 *(빙결/두린 역융해),,,,,,,,,,결투의 창 (기행 무기),80/190,공:1700,,,
,,,,,,,,,,,,,,,,,,,,,"얼음 4세트는 빙결 파티가 아니거나
 적이 빙결에 걸리지 않는다면 치확 20만 고려",
,,,,,,,시메 4세트,,,,,,,,,,백술창,80/160,공:1600,,,
,,,,,,,,,,,,,,,,,,,,,,
,스커크,90렙/9렙,"E, Q",,,온필드 딜러,회랑 4세트 [세팅 기준],,,,공%,"얼원피
 공%","치확 / 치피
 공%",치확 / 치피 / 공%,,,창백한 섬광 (스커크 전무),85/150,공:2000,유효옵X,파티를 물/얼음 원소 캐릭터로만 구성 권장,스커크.png
,,,,,,,,,,,,,,,,,,,,,,
,,,,,,,그림자 4세트 *(푸리나 필수),,,,,,,,,,,,,,,
,,,,,,,,,,,,,,,,,해연의 피날레 (단조 무기) *(힐러 권장),80/110,공:2100,,,
,,,,,,,얼음 4세트,,,,,,,,,,,,,,,
,,,,,,,,,,,,,,,,,,,,,,
,에스코피에,90렙/9렙,"E, Q",,,"빙결 전용 서포터
 오프필드 딜러
 파티 + 단일 힐러",극단 4세트 [세팅 기준],,,,"원충
 공%","공%
 얼원피","치확 / 치피
 공%",치확 / 치피 / 공% / 원충,,,맛의 지휘자 (에스코피에 전무),85/170,공:2000,170,파티에 얼음 원소 캐릭터 2명 이상 추천,에스코피에.png
,,,,,,,,,,,,,,,,,,,,,,
,,,,,,,,,,,,,,,,,신성한 제사의 지팡이 (한정 무기),85/120,공:2100,140,,
,,,,,,,천암 4세트,,,,,,,,,,,,,,,
,,,,,,,,,,,,,,,,,쉼터의 이야기꾼 (이벤트 무기),80/110,공:2000,170,,
,,,,,,,,,,,,,,,,,,,,,,
,"시틀라리
#밤혼",90렙/9렙,"Q, E",,,"불 / 물 원소 전용 서포터
 잿더미 요원
 보호막 서포터
 오프필드 딜러",잿더미 4세트 [세팅 기준],,,,"원충
 원마","원마
 얼원피","치확 / 치피 
 원마",치확 / 치피 / 원충 / 원마,,,별지기의 시선 (시틀라리 전무),60/120,원마:700,180,잿더미가 아닌 경우 원충:220,시틀라리.png
,,,,,,,,,,,,,,,,,,,,,,
,,,,,,,,,,,,,,,,,제례의 악장,,,130,,
,,,,,,,천암 4세트,,,,,,,,,,,,,,,
,,,,,,,,,,,,,,,,,드래곤 슬레이어 영웅담,,원마:300,180,,
,,,,,,,,,,,,,,,,,,,,,,
,라이오슬리,90렙/9렙,"평, E, ( Q )",,,온필드 딜러,그림자 4세트 [세팅 기준],,,,공%,"공%
 얼원피",치확 / 치피,치확 / 치피 / 공% / 원충 / 원마 *(융해),,,현금 흐름 감독 (라이오슬리 전무),64/190,공:2500,-,"빙결 / 별 초전도 조합 사용 시
 스탯에서 치확:-15/치피:+30으로 계산",라이오슬리.png
,,,,,,,산산 4세트,,,,,,,,,,음유시인의 악장,64/200,공:2000,,,
,신학,90렙/9렙,"E, Q",,,얼음 원소 전용 서포터,왕실 4세트 [세팅 기준],,,,"공%
 원충",공%,"공%
 치확 *(페보)",공% / 원충 / 치확 *(페보) / 공,,,식재 (신학 전무),-,공:3100,210,1돌 이후 원충:180,신학.png
,,,,,,,,,,,,,,,,,,,,,,
,,,,,,,,,,,,,,,,,서리 숨결 (기행 무기),,공:2400,,,
,,,,,,,공 18% 2세트 / 원충 20% 2세트 중 택 2/2세트,,,,,,,,,,,,,,,
,,,,,,,,,,,,,,,,,페보니우스 장창,35/-,공:2700,,,
,,,,,,,,,,,,,,,,,,,,,,
,"카미사토 
아야카",90렙/9렙,"Q, 평, E",,,온필드 딜러,얼음 4세트 [세팅 기준],,,,공%,"얼원피
 공%","치확 / 치피
 공%",치확 / 치피 / 공% / 원충,,,안개를 가르는 회광 (카미사토 아야카 전무),45/230,공:2000,130,,아야카.png
,,,,,,,그림자 4세트 *(푸리나 필수),,,,,,,,,,해연의 피날레 (단조 무기) *(힐러 권장),45/180,,,,
,유라,90렙/9렙,"평, Q, E",,,온필드 딜러,창백 4세트 [세팅 기준],,,,"공%
 원충","물리피증
 공%",치확 / 치피,치확 / 치피 / 공% / 원충,,,갈대 바다의 등대 (데히야 전무),80/180,공:1800,130,"파티에 라이덴 or 얼음 원소 캐릭터 편성 추천
 편성 안 할 시 원충:170",유라.png
,,,,,,,,,,,,,,,,,,,,,,
,,,,,,,,,,,,,,,,,아쿠오마루 (한정 무기),70/140,공:2000,,,
,,,,,,,그림자 4세트 *(푸리나 필수),,,,,,,,,,,,,,,
,,,,,,,,,,,,,,,,,파도 그림자 대검 (단조 무기) *(힐러 권장),,,,,
,,,,,,,,,,,,,,,,,,,,,,
,감우,90렙/9렙,"평, Q, ( E )",,,A) 빙결 온필드 딜러,"A,B) 악단 4세트 [A,B) 세팅 기준]",,,,"A) 공%
 원충",얼원피,치확 / 치피,"치확 / 치피 / 공% / B) 원마 / A,C) 원충",,,"최초의 대마술 (리니 전무) 
 *(A,B) 온필드 딜러 세팅)",A) 65/210,공:1800,A) 120,"A,C) 파티에 얼음 원소 캐릭터 2명 이상 추천",감우.png
,,,,,,,,,,,,,,,,,,,,,,
,,,,,,,,,,,,,,,,,,B) 80/180,,B) -,,
,,,,,,,"A,C) 얼음 4세트",,,,,,,,,,,,,,,
,,,,,,B) 융해 온필드 딜러,,,,,"B) 공%
 원마",,,,,,"고요한 노래 (단조 무기) *(힐러 권장) 
 *(A,C) 빙결 딜러 세팅)",65/140,A) 공:2000,A) 120,,
,,,,,,,,,,,,,,,,,,,,,,
,,,,,,,B) 몽상 4세트,,,,,,,,,,,,C) 공:1500,C) 200,,
,,,,,,,,,,,,,,,,,,,,,,
,,80렙/8렙,"Q, ( E )",,,"C) 빙결 오프필드 딜러
 온필드 얼음 원소 피증 서포터",,,,,"C) 원충
 공%",,,,,,파마궁 (단조 무기) *(B) 융해 온필드 딜러 세팅),80/110,공:2000,-,,
,,,,,,,C) 절연 4세트 [C) 세팅 기준],,,,,,,,,,,,,,,
,,,,,,,,,,,,,,,,,,,,,,
,,,,,,,,,,,,,,,,,,,,,,
,치치,90렙/8렙,"Q, ( E )",,,"파티 별빛 반응 피증 서포터 *(섬광·별빛)
온필드 별 초전도 계수 추가 서포터 *(6돌)
단일 힐러",천암 4세트 [세팅 기준],,,,"공%
 원충 *(6돌)",공%,공%,공% / 원충 *(6돌),,,페보니우스 검,35/-,공:2300,"180
*(6돌)","왕실 성유물이 아닌
 6돌 이전의 치치는 Q 사용 X",치치.png
,,,,,,,,,,,,,,,,,,,,,,
,,,,,,,왕실 4세트,,,,,,,,,,,,,,,
,,,,,,,,,,,,,,,,,,,,,"파티에 단독으로 얼음 캐릭터라면 원충:220
 단, 무기가 페보니우스 검이라면 200",
,,,,,,,교관 4세트,,,,,,,,,,,,,,,
,,,,,,,,,,,,,,,,,,,,,,
,샤를로트,80렙/8렙,Q,,,파티 + 단일 힐러,잿더미 4세트 [세팅 기준],,,,"원충
 공%",공%,"치유
 공%
 치확 *(페보)",원충 / 공% / 치확 *(페보),,,페보니우스 비전,35/-,공:1700,210,,샤를로트.png
,,,,,,,,,,,,,,,,,,,,,,
,,,,,,,,,,,,,,,,,황금 호박 프로토타입 (단조 무기),-,,,,
,,,,,,,지난날 4세트,,,,,,,,,,,,,,,
,,,,,,,,,,,,,,,,,맹세의 눈동자 (이벤트 무기),,공:2000,,,
,,,,,,,,,,,,,,,,,,,,,,
,프레미네,90렙/9렙,"E, 평, Q",,,A) 얼음 온필드 딜러,"A,B) 그림자 4세트 *(푸리나 필수) [세팅 기준]",,,,"공%
 원충","공% [세팅 기준]
 A) 물리피증
 B) 얼원피",치확 / 치피,원충 / 치확 / 치피 / 공%,,,「슈퍼 울트라 패왕 마검」 (이벤트 무기),49/140,공:2600,130,파티에 얼음 원소 캐릭터 2명 이상 추천,프레미네.png
,,,,,,,,,,,,,,,,,,,,,,
,,,,,,,A) 창백 4세트,,,,,,,,,,,,,,"명함일 시 
 스탯에서 치확:+15/치피:-30으로 계산",
,,,,,,B) 물리 온필드 딜러,,,,,,,,,,,피도 그림자 대검 (단조 무기) *(힐러 권장),,공:2400,,,
,,,,,,,B) 얼음 4세트,,,,,,,,,,,,,,"빙결 조합 사용 시
 스탯에서 치확:-15/치피:+30으로 계산",
,,,,,,,,,,,,,,,,,,,,,,
,미카,80렙/9렙,"E, Q",,,"물리 전용 서포터
 온필드 공속 서포터
 파티 + 단일 힐러",왕실 4세트,,,,"HP%
 원충",HP%,"치유
 HP%
 치확 *(페보)",원충 / 치확 *(페보) / HP% / HP,,,서리 숨결 (기행 무기),-,HP:35000,200,"4돌 이전 원충
 페보 : 200
 기타 무기 : 220",미카.png
,,,,,,,조개 4세트,,,,,,,,,,페보니우스 장창,35/-,,180,,
,레일라,80렙/8렙,"E, ( Q )",,,보호막 서포터,천암 4세트 [세팅 기준],,,,"HP%
 원충",HP%,"HP%
 치확 *(페보)",HP% / 원충 / 치확 *(페보) / HP,,,뱃도랑 장검 (한정 무기),-,HP:46000,-,매 사이클 원소폭발 사용 시 원충:200,레일라.png
,,,,,,,,,,,,,,,,,,,,,,
,,,,,,,,,,,,,,,,,페보니우스 검,35/-,HP:41000,,,
,,,,,,,왕실 4세트,,,,,,,,,,,,,,,
,,,,,,,,,,,,,,,,,고요한 휘파람 (단조 무기),-,,,,
,,,,,,,,,,,,,,,,,,,,,,
,로자리아,80렙/9렙,"Q, E",,,"파티 치확 증가 서포터
 적 물리 내깍 서포터 *(6돌)
 오프필드 딜러",왕실 4세트 [세팅 기준],,,,"공%
 원충",얼원피,치확 / 치피,치확 / 치피 / 공% / 원충 / 원마 *(융해),,,서리 숨결 (기행 무기),70/100,공:1700,160,4돌 이전 원충:180,로자리아.png
,,,,,,,절연 4세트,,,,,,,,,,페보니우스 장창,,공:1800,140,,
,디오나,90렙/8렙,"E, Q",,,"온필드 별빛 반응 피증 서포터 *(6돌 / 별빛·섬광)
 온필드 원마 증가 서포터 *(6돌)
 보호막 서포터 / 단일 힐러",왕실 4세트 [세팅 기준],,,,"원충
 HP%",HP%,HP%,원충 / HP% / HP,,,페보니우스 활,35/-,HP:30000,180,"명함 원충:250
 단, 무기가 페보니우스 활 or 제례활이라면 200",디오나.png
,,,,,,,,,,,,,,,,,,,,,,
,,,,,,,천암 4세트,,,,,,,,,,,,,,,
,,,,,,,,,,,,,,,,,,,,,다른 권장 스탯은 원충이 확보된 후 선택 사항,
,,,,,,,교관 4세트 *(6돌),,,,,,,,,,,,,,,
,,,,,,,,,,,,,,,,,,,,,,
,중운,80렙/8렙,"Q, E",,,"온필드 E / Q 쿨감 서포터 *(2돌)
 오프필드 딜러",왕실 4세트,,,,공%,얼원피,치확 / 치피,치확 / 치피 / 공% / 원충,,,페보니우스 대검,60/120,공:1500,-,,중운.png
,,,,,,,,,,,,,,,,,,,,,,
,케이아,80렙/8렙,"Q, E",,,오프필드 딜러,절연 4세트,,,,"원충 
 공%",얼원피,치확 / 치피,치확 / 치피 / 공% / 원충,,,늑대 송곳니 (기행 무기),70/150,공:1200,200,,케이아.png
,,,,,,,,,,,,,,,,,아메노마 카게우치카타나 (단조 무기),60/120,공:1400,,,
,"얼음 원소
 여행자
 #별빛 반응 전환",80렙/8렙,"Q, 평, ( E )",,,A) 오프필드 딜러,A) 천암 4세트 [A) 세팅 기준],,,,공%,공%,치확 / 치피,치확 / 치피 / 공% / 원충 / 원마,,,별빛검 (여행자 전무),A) 85/170,A) 공:2300,A) 160,"명함인 경우 원충
 A) 230 권장
 B) 세팅은 원충을 더 높이기보다
 파티에 얼음 캐릭터 3명
 or 얼음 캐릭터 2명 + 페보니우스 요원 2명 추천",얼음행자.png
,,,,,,,A) 용광로 4세트,,,,,,,,,,,,,,,
,,90렙/9렙,,,,B) 온필드 딜러,B) 산산 4세트 [B) 세팅 기준],,,,,,,,,,,B) 69/250,B) 공:2500,B) 130,,
,,,,,,,,,,,,,,,,,,,,,,
,종려,90렙/9렙,"E, ( Q )",,,"보호막 서포터
 적 내깍 서포터",천암 2세트 + 감로 2세트 [세팅 기준],,,,HP%,HP%,"HP%
 치확 *(페보)",HP% / 원충 / 치확 *(페보),,,흑술창,-,HP:59000,-,,종려.png
,,,,,,,천암 4세트,,,,,,,,,,페보니우스 장창,40/-,HP:52000,,,
,"린네아
#달빛 징조
#달 결정 전환",90렙/9렙,"E, Q",,,"오프필드 딜러
 달 결정 서포터
 파티 + 단일 힐러",껍데기 4세트 [세팅 기준],,,,방%,방%,치확 / 치피,치확 / 치피 / 방% / 원충 / 원마,,,서리 맺힌 금빛 가지 (린네아 전무),90/180,방:2500,-,매 사이클 원소폭발 사용 시 원충:160,린네아.png
,,,,,,,,,,,,,,,,,,,,,,
,,,,,,,여명 4세트,,,,,,,,,,옥빛 장궁 (기행 무기),90/150,방:2400,,,
,,,,,,,,,,,,,,,,,,,,,,
,,,,,,,밤노래 4세트,,,,,,,,,,서리의 서약 (단조 무기),80/110,방:2800,,,
,,,,,,,,,,,,,,,,,,,,,,
,"자백
#달빛 징조
#달 결정 전환",90렙/9렙,"E, Q",,,온필드 딜러,경계 4세트,,,,방%,방%,치확 / 치피,치확 / 치피 / 방% / 원충 / 원마,,,신월의 달빛 (자백 전무),60/240,방:2400,130,,자백.png
,,,,,,,,,,,,,,,,,,,,,,
,,,,,,,,,,,,,,,,,에스피찰의 피리 (단조 무기),60/150,방:2900,,,
,,,,,,,,,,,,,,,,,,,,,,
,,,,,,,,,,,,,,,,,여명신검 *(보호막 서포터 권장),32/260,방:2200,,,
,,,,,,,,,,,,,,,,,,,,,,
,"실로닌
#밤혼",90렙/9렙,"E, Q",,,"적 풀 / 바람 원소 제외 내깍 서포터
 잿더미 요원
 단일 힐러",잿더미 4세트 [세팅 기준],,,,"원충
 방%",방%,"치유
 방%
 치확 *(페보)",원충 / 방% / 치확 *(페보),,,바위산을 맴도는 노래 (실로닌 전무),-,방:3200,200,잿더미가 아닌 경우 원충:220,실로닌.png
,,,,,,,,,,,,,,,,,,,,,,
,,,,,,,반암 4세트,,,,,,,,,,,,,,,
,,,,,,,,,,,,,,,,,페보니우스 검,40/-,방:3000,,,
,,,,,,,교관 4세트,,,,,,,,,,,,,,,
,,,,,,,,,,,,,,,,,,,,,,
,치오리,90렙/9렙,"E, Q, ( 평 )",,,오프필드 딜러,극단 4세트 [세팅 기준],,,,방%,"바위원피
 방%",치확 / 치피,치확 / 치피 / 방% / 공% / 원충,,,우라쿠의 미스기리 (치오리 전무),80/200,방:1900,-,매 사이클 원소폭발 사용 시 원충:120,치오리.png
,,,,,,,,,,,,,,,,,,,,,,
,,,,,,,,,,,,,,,,,늑대 송곳니 (기행 무기),80/170,방:1700,,,
,,,,,,,껍데기 4세트,,,,,,,,,,,,,,,
,,,,,,,,,,,,,,,,,에스피찰의 피리 (단조 무기),70/140,방:2400,,,
,,,,,,,,,,,,,,,,,,,,,,
,나비아,90렙/9렙,"E, Q, 평",,,온필드 딜러,메아리숲 4세트 [세팅 기준],,,,공%,"바위원피
 공%",치확 / 치피,치확 / 치피 / 공% / 원충,,,판정 (나비아 전무),80/160,공:2400,120,"2돌 이후 전투 중 
 e스킬에 치확 +36을 고려해
 치확 100이 넘지 않도록 주의",나비아.png
,,,,,,,극단 4세트,,,,,,,,,,이무기 검 (기행 무기),80/170,공:1900,,,
,,,,,,,그림자 4세트 *(푸리나 필수),,,,,,,,,,제례 대검,70/140,공:2100,,,
,"아라타키 
이토",90렙/9렙,"평, Q, E",,,온필드 딜러,껍데기 4세트,,,,"방%
 원충",바위원피,치확 / 치피,치확 / 치피 / 방% / 원충 / 공%,,,쇄석의 붉은 뿔 (아라타키 이토 전무),90/180,방:2300,130,,이토.png
,,,,,,,,,,,,,,,,,이무기 검 (기행 무기),80/170,방:2000,,,
,,,,,,,,,,,,,,,,,백영검 (단조 무기),70/140,방:2500,,,
,"알베도
#마도",90렙/9렙,"E, Q",,,"파티 피증 서포터 *(마도)
 파티 원마 증가 서포터
 오프필드 딜러",껍데기 4세트 [세팅 기준],,,,방%,"방%
 바위원피",치확 / 치피,치확 / 치피 / 방%,,,우라쿠의 미스기리 (치오리 전무),80/160,방:2400,-,파티에 마도 캐릭터 2명 이상 추천,알베도.png
,,,,,,,,,,,,,,,,,,,,,,
,,,,,,,은총 4세트 *(1돌 이후 권장),,,,,,,,,,진사의 방추 (이벤트 무기),60/120,방:2900,,,
,,,,,,,,,,,,,,,,,,,,,매 사이클 원소폭발 사용 시 원충:130,
,,,,,,,극단 4세트,,,,,,,,,,에스피찰의 피리 (단조 무기),,,,,
,,,,,,,,,,,,,,,,,,,,,,
,"일루가
#달빛 징조",80렙/9렙,Q,,,달 결정 서포터,밤노래 4세트 *(2돌 이상) [세팅 기준],,,,"원마
 원충",원마,"원마
 치확 *(페보)",원마 / 원충,,,용학살창,-,원마:900,140,명함인 경우 원충:200,일루가.png
,,,,,,,,,,,,,,,,,,,,,,
,,,,,,,,,,,,,,,,,서리 숨결 (기행 무기),,원마:700,,,
,,,,,,,원마 80pt 2세트 중 택 2/2세트,,,,,,,,,,,,,,,
,,,,,,,,,,,,,,,,,페보니우스 장창,40/-,,,,
,,,,,,,,,,,,,,,,,,,,,,
,"카치나
#밤혼",80렙/8렙,"E, Q",,,"A) 잿더미 요원
 오프필드 딜러",잿더미 4세트 [세팅 기준],,,,"A) 방%
 원충",A) 바위원피,A) 치확 / 치피,A) 치확 / 치피 / 방% / 원충,,,페보니우스 장창 *(A) 오프필드 딜러 세팅),60/120,방:1300,-,"매 사이클 원소폭발 사용 시
 원충 : 2바위 - 200 / 1바위 - 250",카치나.png
,,,,,,,,,,,,,,,,,,,,,,
,,,,,,,,,,,,,,,,,,,,,,
,,,,,,,,,,,,,,,,,,,,,,
,,,,,,,반암 4세트,,,,,,,,,,,,,,,
,,,,,,,,,,,,,,,,,,,,,,
,,,,,,"B) 잿더미 요원
 결정 반응 보호막 서포터",,,,,B) 원마,B) 원마,B) 원마,B) 원마 / 원충,,,"키타인 십자창 (단조 무기)
 *(B) 결정 보호막 서포터 세팅)",-,원마:700,,,
,,,,,,,,,,,,,,,,,,,,,,
,,,,,,,교관 4세트,,,,,,,,,,,,,,,
,,,,,,,,,,,,,,,,,,,,,,
,,,,,,,,,,,,,,,,,,,,,,
,,,,,,,,,,,,,,,,,,,,,,
,운근,80렙/9렙,Q,,,평타 강화 서포터,껍데기 2 + 원충 20% 2세트 중 택 2/2세트 [세팅 기준],,,,"방%
 원충",방%,"방%
 치확 *(페보)",방% / 원충 / 치확 *(페보),,,페보니우스 장창,40/-,방:2300,230,,운근.png
,,,,,,,껍데기 4세트,,,,,,,,,,,,,,,
,고로,80렙/9렙,"E, ( Q )",,,바위 원소 전용 서포터,교관 4세트 [세팅 기준],,,,원충,방%,"치확 *(페보)
 치유 *(4돌 이후)",원충 / 치확 *(페보),,,페보니우스 활,60/-,-,250,"교관 / 유배자 성유물 세팅의 시계는
 5성 원충시계로",고로.png
,,,,,,,밤노래 4세트 *(달결정 파티),,,,,,,,,,,,,,,
,,,,,,,유배자 4세트,,,,,,,,,,,,,,"2사이클 1궁 시
 원충을 덜 챙겨도 됨",
,,,,,,,왕실 4세트,,,,,,,,,,,,,,,
,노엘,80렙/8렙,"E, ( 평, Q )",,,"발사대
 파티 힐러 / 보호막 서포터",반암 4세트,,,,방%,방%,"방%
 치확 *(페보)",방% / 치확 *(페보) / 원충,,,페보니우스 대검,40/-,방:2500,-,"매 사이클 원소폭발 사용 시
 원충:140",노엘.png
,,,,,,,,,,,,,,,,,,,,,,
,,,,,,,,,,,,,,,,,,,,,,
,,,,,,,,,,,,,,,,,,,,,,
,응광,90렙/9렙,"평, E, Q",,,온필드 딜러,"A,B) 메아리숲 4세트 [세팅 기준]",,,,공%,바위원피,"치확 / 치피
 치유 *(호박)",치확 / 치피 / 공% / 원충,,,일월의 정수 (기행 무기),70/150,공:1600,-,육성 추천 X,응광.png
,,,,,,,"A,B) 그림자 4세트 *(푸리나 필수)",,,,,,,,,,음유시인의 악장,,,,,
,"바위 원소
여행자",80렙/8렙,"E, Q",,,오프필드 딜러,왕실 4세트 [세팅 기준],,,,"공%
 원충",바위원피,치확 / 치피,치확 / 치피 / 공% / 원충,,,별빛검 (여행자 전무),80/220,공:2000,150,육성 추천 X,바위행자.png
,,,,,,,,,,,,,,,,,,,,,,
,,,,,,,절연 4세트,,,,,,,,,,,,,,,
,,,,,,,,,,,,,,,,,페보니우스 검,70/140,공:1600,,,
,,,,,,,반암 2세트 + 공 18% 2세트 중 택 2/2세트,,,,,,,,,,,,,,,